<?xml version="1.0" encoding="utf-8"?>
<!-- Copyright (c) 2016-Present Webkul Software Pvt. Ltd. (<https://webkul.com/>) -->
<!-- See LICENSE file for full copyright and licensing details. -->
<!-- License URL : https://store.webkul.com/license.html/ -->
<odoo>
    <data noupdate="1">
        <record id="payment_acquirer_paypal_express" model="payment.acquirer">
            <field name="name">Paypal Express Checkout</field>
            <field name="provider">paypal_express</field>
            <field name="image_128" type="base64" file="payment_paypal_express/static/src/img/paypal_icon.png"/>
            <field name="company_id" ref="base.main_company"/>
            <field name="view_template_id" ref="paypal_checkout_form"/>
            <field name="state">test</field>
            <field name='paypal_client_id'>sb</field>
            <field name="description">
                <![CDATA[
                    <p>PayPal Checkout helps you convert shoppers earlier in
                    their shopping journey by letting them check
                    out directly from the product page or shopping bag thereby
                    reducing cart abandonment and increasing conversion.</p>]]>
            </field>
            <field name="pre_msg"><![CDATA[
                <p>A new pop-up will open on clicking pay now button.</p>]]>
            </field>
        </record>
    </data>
</odoo>
